ep,keyword,views,followers,multiplier,likes,saves,shares,duration_s,published,creator,title,url
EP09,kbeauty must have,1154716,1750295,0.7,37802,24044,1290,25,2026-04-09,@dermguru,Kbeauty does it again 😩 #dermguru #kbeauty #koreanskincare,https://www.tiktok.com/@dermguru/video/7626781264871312670
EP09,kbeauty must have,943836,889334,1.1,77920,64022,7657,45,2026-08-07,@alessa.miki,j-beauty must haves #jbeauty @CANMAKE-SHOP @Diane Perfect Beauty USA,https://www.tiktok.com/@alessa.miki/video/7671084450935082254
EP09,kbeauty must have,543223,609511,0.9,31560,15058,946,179,2026-07-02,@charinecheungg,"My top 5 (FAVORITE) Korean skincare products, updated for 2026! @SKIN1004 US @imfrom_us @House of Hur US @anua_global @IUNIK #koreanskincare #skincarerecommenda",https://www.tiktok.com/@charinecheungg/video/7658020129040633104
EP09,kbeauty must have,326021,53133,6.1,16130,4178,293,236,2026-07-24,@jbwatermelyn,"Good/fun to have, but are they really a must-have in your routine? #facemists #creatorsearchinsights #moisturizingskin #kbeauty #viralskincare",https://www.tiktok.com/@jbwatermelyn/video/7666076869766286613
EP09,kbeauty must have,102785,33189,3.1,9185,4561,259,396,2026-07-22,@fionlammm,korea content soon ahh 🤭!! here are some stand out makeup products i’ll def be repurchasing 🫶 let me know if you’ve tried any of these :) products + timestamps:,https://www.tiktok.com/@fionlammm/video/7665146744950279442
EP09,kbeauty must have,95967,290774,0.3,6744,2653,202,89,2026-09-10,@brutechoi,These 5 products are ✨always✨ on my repurchase list when I get to Olive Young in Korea #oliveyoung #skincare #skincaretips #koreanskincareproducts #oliveyounglo,https://www.tiktok.com/@brutechoi/video/7683916065843219726
EP09,kbeauty must have,52869,290774,0.2,3828,1709,110,121,2026-10-06,@brutechoi,"5 Olive Young products that Koreans actually buy 🫧🫒 @dear, Klairs @Dr.G USA @ISOI @bringgreen_official #oliveyoung #kbeauty #koreanskincare #acneproneskin #EGF",https://www.tiktok.com/@brutechoi/video/7693561162432056589
EP09,kbeauty must have,52142,546798,0.1,3583,1030,68,178,2026-09-23,@theglownarrative,"I've loved these for SO long now and I'm convinced I'll never stop, also I have a code if you guys want a discount!! Use HANNAHYES20 for 12% off orders over $39",https://www.tiktok.com/@theglownarrative/video/7688547999663820062
EP09,kbeauty must have,45163,17499,2.6,1453,1721,216,51,2026-08-13,@drsean.skin,Save this for your next Korea trip! 🇰🇷✨ #kbeauty #skincaretips #antiaging #glowyskin #fyp,https://www.tiktok.com/@drsean.skin/video/7673369482273918228
EP09,kbeauty must have,38168,106995,0.4,2530,1185,67,48,2025-11-27,@cholixie,K-beauty essentials for dark skin💕 . Products: @TIRTIR Inc. @AOU Cosmetics @glow @Unleashia Global @HEMEKO @dasique_official (NOT SPONSORED/Personal recommendat,https://www.tiktok.com/@cholixie/video/7577386412195171587
EP09,kbeauty must have,33391,1511735,0.0,2614,585,63,133,2026-10-03,@sasainseoul,(Not AD) 5 must- buy items for October Amazon sale! Amazon prime day is coming on 10/6-10/7 And this video is my real recommendation! Not sponsored 1. @ANAZE Gl,https://www.tiktok.com/@sasainseoul/video/7692437003828350229
EP09,kbeauty must have,27413,190132,0.1,471,196,42,104,2026-10-03,@elenaduquebeauty,And you can always Google it if you don’t want to take it from me! @Dr.G USA #drgskincare #drg #koreanskincaretips #koreanskincare #kbeauty Korean skincare must,https://www.tiktok.com/@elenaduquebeauty/video/7692543430630673677
EP09,kbeauty must have,13555,164704,0.1,523,193,7,96,2026-06-26,@sarahkchey,(x ad) 1 rec in EACH category before the sale is over🫧🌟 @Dr.Althea US toner pads @Yunjac primer @espoir USA Be Velvet cushion @laneige_us Neo Powder Espoir brow,https://www.tiktok.com/@sarahkchey/video/7655750101012368653
EP09,kbeauty must have,5027,863,5.8,114,34,5,24,2026-09-01,@asmadreams,Products used by K-pop idols from different groups! rget. Kbeauty products that have been seen used with various idols! Chaewon e Yujin #wonhee#wonhee#beomgyu #,https://www.tiktok.com/@asmadreams/video/7680586368292080903
EP09,kbeauty must have,3245,4089,0.8,176,42,6,60,2026-10-06,@pumpkeem,my skincare must-haves for prime day that are worth the money!! 🛒✨ @Amazon @MEDIHEAL USA @medicube US Store @Dr.Althea US @Biodance Store US @TORRIDEN US @lanei,https://www.tiktok.com/@pumpkeem/video/7693666580311428365
EP09,kbeauty must have,695,9880,0.1,32,8,3,86,2026-10-02,@eunienyc,"What to buy in Seoul, Korea 🇰🇷 I leave in 11 days - help me build my Korea shopping list! K-beauty must-haves, Olive Young haul picks, Korean skincare, Seoul-ex",https://www.tiktok.com/@eunienyc/video/7692120037825482014
EP09,kbeauty must have,546,10736,0.1,12,5,1,38,2026-09-13,@la_tutii_,K-beauty must haves. #kbeauty #hyperpigmentation #darkspots #acnescars #manchasenlapiel,https://www.tiktok.com/@la_tutii_/video/7684911651023375630
EP09,kbeauty must have,379,90,4.2,9,1,0,6,2026-09-14,@beauty_in_formula,"My K-beauty must-haves, organized by category 🇰🇷 Top 3 toners, top 3 serums, top 3 barrier creams, and top 3 sunscreens — everything I actually reach for and tr",https://www.tiktok.com/@beauty_in_formula/video/7685212966756699413
EP09,kbeauty must have,69,13273,0.0,9,1,0,24,2026-09-30,@kalpanakb10,#pdrn #serum #musthaves #tiktokmademebuyit #kbeauty,https://www.tiktok.com/@kalpanakb10/video/7691392412886830350
EP09,kbeauty must have,58,13273,0.0,19,4,1,31,2026-09-29,@kalpanakb10,#serum #trio #tiktokmademebuyit #kbeauty #musthaves,https://www.tiktok.com/@kalpanakb10/video/7691033521330130189
EP10,glass skin before and after,5357756,94706,56.6,103092,26738,11746,10,2025-03-18,@kbeautywithelizabeth,"30 days. No lasers. No Botox. No filters. Just consistent Korean skincare—& my skin has completely transformed. ✨ Melasma faded ✨ Brighter, clearer complexion ✨",https://www.tiktok.com/@kbeautywithelizabeth/video/7482942231217704238
EP10,glass skin before and after,5253928,23935,219.5,356889,14728,6634,11,2026-06-25,@greta.cos,It’s not easy to post this… but some of you may know me as the “glass skin girl” and well… my skin has gone through some changes over the past weeks. I am figur,https://www.tiktok.com/@greta.cos/video/7655433455735524641
EP10,glass skin routine,1959011,1025219,1.9,197441,60529,3780,133,2026-02-23,@itsbabykelz,"sit back, relax, and do my nighttime skincare routine with me 🤍 @ma:nyo global @The Face Shop US @medicube global @byoma @Glow Recipe @anua_global @Dr.Reju-All ",https://www.tiktok.com/@itsbabykelz/video/7610123677245426958
EP10,glass skin before and after,1757585,191453,9.2,67194,18262,3470,20,2026-03-14,@skinwithjen,"My dry skin disappeared in 7 days using this miracle toner. Hydrating, calming, and perfect for glass skin ✨ You can shop @numbuzin on Amazon! #no3toner #acne #",https://www.tiktok.com/@skinwithjen/video/7617034685616540948
EP10,glass skin before and after,1561780,161794,9.7,253008,18924,21302,13,2026-07-07,@whatislada,we need to lock in divas 💰 #skincaretips #GlowUp #glassskin #skintreatments,https://www.tiktok.com/@whatislada/video/7659766535229132052
EP10,glass skin before and after,1500219,181934,8.2,45806,19115,5144,20,2026-06-04,@itsedonna,My skin after 7 days of targeting dark spots #inaweek #glassskin #darkspots #skintransformation #tipsskincare @Redence,https://www.tiktok.com/@itsedonna/video/7647568358941953301
EP10,glass skin before and after,1429095,86408,16.5,17856,10047,1412,18,2026-02-06,@saranda,Pores bothering you? Add collagen to your routine ✨This Torriden collagen care helps minimize the look of enlarged pores and leaves skin smooth + bouncy @TORRID,https://www.tiktok.com/@saranda/video/7603817636002057479
EP10,glass skin routine,1423398,333101,4.3,39559,958,257,23,2026-10-05,@febisola_iris,This is all you need for the perfect makeup prep😊 @IUNIK #iunik #glassskin #hydratingserum #milkytoner #kbeauty,https://www.tiktok.com/@febisola_iris/video/7693176045884820743
EP10,glass skin routine,944750,92900,10.2,140039,52292,6533,56,2026-09-23,@lailaeast,"perfected my after shower routine 🧼⭐️ if you want smooth glass skin, this is for you! #bodycare #showerroutine #BeautyTok #hygiene @Knock Bodycare @Paula's Choi",https://www.tiktok.com/@lailaeast/video/7688762345694203149
EP10,glass skin routine,802160,21872,36.7,103909,37562,5939,382,2026-09-22,@michellemihm,NIGHT TIME SKINCARE ROUTINE BAYBEEEE #glazeddonut #skincare #nightroutine #glassskin #koreanskincare,https://www.tiktok.com/@michellemihm/video/7688143578991791374
EP10,glass skin routine,696788,169817,4.1,93171,18217,2064,105,2026-09-21,@thedaninicolee,thank you for all the love on my last video here’s my current morning skincare routine 🤓 night time routine coming up next!! @laneige_us cream skin toner @SkinC,https://www.tiktok.com/@thedaninicolee/video/7688035504935177486
EP10,glass skin before and after,369581,107139,3.4,1581,700,218,19,2026-05-20,@albulena,from damaged skin barrier to glass skin ✨ @Dr.Reju-All US #rejuall #rejuallpdrn #skinbarrier #skinrecovery #koreanpharmacy,https://www.tiktok.com/@albulena/video/7642017622489369877
EP10,glass skin routine,292985,898263,0.3,27564,7334,947,344,2026-09-07,@ashleysmixon,You want glowing skin? Apparently we need a little tough love ❤️ The glow isn’t one miracle product. It’s what you do consistently. Loveyousomuch #MioxnMethod #,https://www.tiktok.com/@ashleysmixon/video/7682901968670428446
EP10,glass skin routine,283061,27786,10.2,45795,19438,989,271,2026-08-30,@nonamefae,"since you asked, here’s my current skincare routine as an aesthetician <3 I have mildly sensitive, oily, acne-prone skin. the journey to clear skin wasn’t linea",https://www.tiktok.com/@nonamefae/video/7679883874414906655
EP10,glass skin routine,225150,103527,2.2,22440,5453,240,365,2026-08-08,@boujeeebeee,updated skincare routine from a girl that struggled a lot with cystic hormal acne & had to learn less is more Sorry I’m so chatty but when I get onto the topic ,https://www.tiktok.com/@boujeeebeee/video/7671454525865069845
EP10,glass skin routine,220310,595677,0.4,11357,6737,256,191,2026-07-02,@nazliayunus,"Replying to @✿ my skincare routine focused on anti aging, glass skin, and acne free! linked everything on shop my and Sephora store front 🧼🫧 @dermalogica specia",https://www.tiktok.com/@nazliayunus/video/7658005296597486879
EP10,glass skin routine,136465,169817,0.8,14948,3519,300,158,2026-09-24,@thedaninicolee,your skin is thirsty babe!!! this one is for you 😛 @dieux instant angel @TORRIDEN US ceramide cream @skinfix triple lipid peptide cream @Dr.Althea US 345 relief,https://www.tiktok.com/@thedaninicolee/video/7689157263432404237
EP10,glass skin routine,118976,898263,0.1,12843,6589,584,702,2026-09-11,@ashleysmixon,"✨GLASS SKIN ON A BUDGET✨ ($20 +under) Skincare doesn’t have to be expensive to be effective! *this is a 12-min video, save and watch later🤍#MixonMethod #glasssk",https://www.tiktok.com/@ashleysmixon/video/7684373692175879454
EP10,glass skin routine,116243,441377,0.3,1582,267,65,37,2026-09-22,@laurenmmurphyy,my easy three step glass skin routine 🤍🫧 @medicube global | AD,https://www.tiktok.com/@laurenmmurphyy/video/7688343751122488598
EP10,glass skin routine,106536,4828,22.1,5863,2296,248,20,2026-09-04,@jt.misc,"Morning routine for glass skin, use code “JT” on the Luma app @Luma #skincare #glassskin #routine #looks #model",https://www.tiktok.com/@jt.misc/video/7681750847197383957
EP10,glass skin before and after,103641,143047,0.7,3214,2629,117,76,2026-04-06,@fionaleona_,I use to have acne scars and now I have glass skin #skincare #skincareroutine #glassskin #antiaging #30s @Biodance Store US @Kiehl's Since 1851 @La Roche-Posay ,https://www.tiktok.com/@fionaleona_/video/7625784891782843662
EP10,glass skin routine,101087,3050,33.1,7817,2070,114,229,2026-09-11,@janehchuu,all of these are AMAZING but they do have slight differences and I find myself reaching for specific serums depending on my skin condition so here you go 🫶 #gla,https://www.tiktok.com/@janehchuu/video/7684303489731661086
EP10,glass skin routine,86698,507932,0.2,3561,1189,116,60,2026-09-10,@ariellelorre,nighttime routine for bouncy glass skin 🧼 none of these are sponsored (I wish) 🤍🤍,https://www.tiktok.com/@ariellelorre/video/7683997978582846750
EP10,glass skin routine,59813,121349,0.5,8923,1358,120,133,2026-09-14,@mmonsemanriquez12,glass skin is a full time job 🙌🏻#skincare #skincareroutine #skincaretips #glassskin #clearskin,https://www.tiktok.com/@mmonsemanriquez12/video/7685223281489726733
EP10,glass skin routine,42386,507932,0.1,1934,619,56,42,2026-10-05,@ariellelorre,nighttime skincare routine for bouncy glassy skin 🧼🩷,https://www.tiktok.com/@ariellelorre/video/7693029400173874462
EP10,glass skin routine,41947,74235,0.6,6684,458,37,63,2026-09-27,@shn00ki,my current favs 🧼🪽 #morningskincare #skincareroutine #glassskin #glassskinroutine #morningaesthetic @rhode skin @Hailey Bieber @CeraVe @AquaphorUS @Kiehl's Sinc,https://www.tiktok.com/@shn00ki/video/7690365606113201439
EP10,glass skin routine,39101,121349,0.3,4727,1464,89,139,2026-09-16,@mmonsemanriquez12,i hope ur taking notes🤓 #skincare #skincareroutine #glassskin #clearskin #skincaretips @BIODERMA USA @anua_us @medicube global @laneige_us @rhode skin @Rovectin,https://www.tiktok.com/@mmonsemanriquez12/video/7685969435219299597
EP10,glass skin routine,35022,537594,0.1,2417,940,103,212,2026-09-19,@perfumesiren,you’re spending WAY too much money trying to glow up 😭 becoming offensively pretty on a budget. pt. 1: skin #GlowUp #skincareroutine #glassskin #affordableskinc,https://www.tiktok.com/@perfumesiren/video/7687315673080515853
EP10,glass skin before and after,9586,836770,0.0,139,32,4,10,2026-02-27,@kaylahlorraine,Korean skincare has absolutely changed the game for me #koreanskincare #skintransformation,https://www.tiktok.com/@kaylahlorraine/video/7611370193998073118
EP10,glass skin before and after,2642,32047,0.1,99,5,2,7,2026-09-20,@_laviniamartin,"If your skin is red, stinging and breaking out, I've been there my loves 🤍 I stopped switching and changing products and my skin barrier finally started to feel",https://www.tiktok.com/@_laviniamartin/video/7687669126889753889
EP11,what koreans actually use skincare,4746693,1642280,2.9,334498,141032,18881,110,2026-06-16,@mindaylee_,REAL POPULAR SKINCARE in korea ! ! ! my real experience living in korea and @올리브영 OLIVE YOUNG & @hwahae.global ! I wrote all products below ( of course no ad no,https://www.tiktok.com/@mindaylee_/video/7651994027121741074
EP11,korean dermatologist recommends,4094834,172825,23.7,243713,139429,23485,11,2026-05-24,@yunique_kbeauty,korean doctor & pharmacist 🇰🇷 My Korean dermatologist bestie and I filmed this together:) Girlies~~ Hope you love it! ✨ Are we still wasting money trying to gue,https://www.tiktok.com/@yunique_kbeauty/video/7643273596109982990
EP11,what koreans actually use skincare,3947968,80370,49.1,196238,88621,13384,46,2026-03-05,@kbeautydrx,K-Beauty brands Koreans actually use 🇰🇷 A Gangnam pharmacist rating viral K-beauty brands YES or NO 👩‍⚕️ Some are everywhere in Korea. Some… not really 😅 Which ,https://www.tiktok.com/@kbeautydrx/video/7613564510779002142
EP11,korean dermatologist recommends,2374094,15608,152.1,87792,37385,4129,73,2026-07-31,@kpharmacist_steve,Are these VIRAL moisturizers worth the hype? Honest reviews from a Korean pharmacist 💊 Products mentioned: @Dr.Althea US 345 Cream- 4.5/10 🏆@PURITO SEOUL Mighty,https://www.tiktok.com/@kpharmacist_steve/video/7668566781891480845
EP11,what koreans actually use skincare,1853962,110809,16.7,128384,27376,5277,77,2026-08-04,@summercooljinny,asmr night routine 🌙 for oily combo skin girlies fighting bumps and breakouts 😤 product: @SKIN1004 US Madagascar Centella Light Cleansing Oil @Abib Cosmetics Mi,https://www.tiktok.com/@summercooljinny/video/7670318941658483981
EP11,what koreans actually use skincare,1192879,224771,5.3,93804,52008,5109,57,2026-09-12,@leeskincare7,How koreans look 20 at 40. We take sun care like a military Product mentioned: -skin&lab tinted sunscreen -missha choboyang bb cream -dr.althea melaclear cream ,https://www.tiktok.com/@leeskincare7/video/7684635107214429448
EP11,korean dermatologist recommends,1154717,1750182,0.7,37802,24044,1290,25,2026-04-09,@dermguru,Kbeauty does it again 😩 #dermguru #kbeauty #koreanskincare,https://www.tiktok.com/@dermguru/video/7626781264871312670
EP11,korean dermatologist recommends,1041404,489042,2.1,31303,18722,1960,49,2025-12-23,@drjennyliu,How would you rate these? #koreanskincare #kbeauty #skincareproducts #dermatologist #skintok,https://www.tiktok.com/@drjennyliu/video/7587041392862563598
EP11,what koreans actually use skincare,915817,1025219,0.9,83891,25967,3032,107,2026-06-23,@itsbabykelz,skincare that’s *ACTUALLY* popular in korea 👀 you’d be shocked at how many brands we barely hear about in the US 🫢 #koreanskincare #kbeauty #oliveyoung #skincar,https://www.tiktok.com/@itsbabykelz/video/7654680467647630605
EP11,what koreans actually use skincare,654893,23782,27.5,45629,22915,2227,91,2026-05-02,@cherrypicks123,#1 Most-used Skincare Products by Korean Locals🇰🇷 (for each skincare category) 1️⃣ Cleansing Oil (ma:nyo Pure Cleansing Oil) @manyo US 2️⃣ Foam Cleanser (beplai,https://www.tiktok.com/@cherrypicks123/video/7635349842461576469
EP11,korean dermatologist recommends,436892,224357,1.9,22619,14473,1288,38,2026-10-02,@leeskincare7,"How to treat tiny dehydration lines, they are not wrinkles but signs of severe dehydration. That’s why you need ingredients like copper peptide+pdrn for firm, b",https://www.tiktok.com/@leeskincare7/video/7692161670478695698
EP11,korean dermatologist recommends,423563,539183,0.8,30659,19658,2062,93,2026-09-23,@kimcassironway,Part 19 | clogged pores👃🏻 #koreanskincare #koreanbeauty #cloggedpores #blackhead #porecare,https://www.tiktok.com/@kimcassironway/video/7688718823507152142
EP11,what koreans actually use skincare,277576,141334,2.0,20475,3677,534,38,2026-10-06,@jesskincare96,"Im so back , my skin barried was so damaged this morning #korean #kbeauty #skincare #fyp #corporatelife",https://www.tiktok.com/@jesskincare96/video/7693366855133711637
EP11,korean dermatologist recommends,215337,15706,13.7,4184,2805,243,68,2026-08-25,@lina_dermapharmacist,are these viral kbeauty products worth the hype? #retinal #arencia #purito #wrinkle #kbeauty @Arencia @PURITO SEOUL @celimax.global,https://www.tiktok.com/@lina_dermapharmacist/video/7677999815686360333
EP11,what koreans actually use skincare,178075,41301,4.3,8033,8931,1436,179,2026-03-15,@playlabbeauty,We went viral for divulging that Koreans don’t actually use Beauty of Joseon 🫠 k so here’s what they’re actually using. What did we miss? 1. Etude SoonJung Whip,https://www.tiktok.com/@playlabbeauty/video/7617009381078486285
EP11,what koreans actually use skincare,161688,224771,0.7,12185,5040,314,51,2026-03-21,@leeskincare7,Products and brands Koreans actually use #skintok #oliveyoung #koreanskincare,https://www.tiktok.com/@leeskincare7/video/7619666322334502151
EP11,what koreans actually use skincare,147782,216549,0.7,10092,5298,317,36,2026-09-29,@krystallee2222,"Skincare routine that got everyone asking 👀✨ Products from @dear, Klairs @SKIN1004 US @House of Hur US @KAHI US . . . #skincareroutine #koreanskincare #kbeauty ",https://www.tiktok.com/@krystallee2222/video/7690943255118089503
EP11,korean dermatologist recommends,92980,26847,3.5,1710,1212,266,469,2026-07-03,@user4259538573807,The BEST K-Beauty Products From Your Favorite Brands _ Dermatologist Picks-P1 #doctorly #skincare,https://www.tiktok.com/@user4259538573807/video/7658229996095294734
EP11,what koreans actually use skincare,58563,397272,0.1,3542,667,32,165,2026-10-05,@james_s_welsh,Are these viral Korean skincare products worth the hype? Or jsit tiktok BS? 🙄 #skincare #koreanskincare #skincaretips,https://www.tiktok.com/@james_s_welsh/video/7693263950737198369
EP11,what koreans actually use skincare,56840,551587,0.1,3102,1321,79,165,2026-10-06,@sunnyfromsunnybread,Not an AD 💛 and this is another Sunny I mentioned @urkoreanmomsunny ! Best skincare tips y’all #pdrn,https://www.tiktok.com/@sunnyfromsunnybread/video/7693531832511450386
EP11,what koreans actually use skincare,55178,1065,51.8,5581,1958,208,112,2026-10-06,@kbeauty_jini,Stop Buying Useless Things .. when you visit Korea! Below are jini-approved :) 1. @TORRIDEN US Dive-in Toner 2. @THOME Official home The Glow Signature 3. @Biod,https://www.tiktok.com/@kbeauty_jini/video/7693483969471466772
EP11,what koreans actually use skincare,52902,290774,0.2,3832,1711,110,121,2026-10-06,@brutechoi,"5 Olive Young products that Koreans actually buy 🫧🫒 @dear, Klairs @Dr.G USA @ISOI @bringgreen_official #oliveyoung #kbeauty #koreanskincare #acneproneskin #EGF",https://www.tiktok.com/@brutechoi/video/7693561162432056589
EP11,korean dermatologist recommends,52501,839531,0.1,834,579,50,7,2026-09-05,@dermatologysurgeon,"Anua Zero Cast SPF 50: zero white cast, blends in easily. Big plus is it's water resistant (80 minutes), so best for beach/active days Dr. Althea Aqua Glowing S",https://www.tiktok.com/@dermatologysurgeon/video/7682139552571477278
EP11,korean dermatologist recommends,45163,17499,2.6,1453,1721,216,51,2026-08-13,@drsean.skin,Save this for your next Korea trip! 🇰🇷✨ #kbeauty #skincaretips #antiaging #glowyskin #fyp,https://www.tiktok.com/@drsean.skin/video/7673369482273918228
EP11,what koreans actually use skincare,37191,34341,1.1,2163,566,132,46,2026-10-05,@skincare.zombie,"EXTREME CLEANSER COMPETITION 🍏 Exfoliation AND deep cleansing in one dual pad? It even removes stubborn blackheads + over 99% of sunscreen residue. Okay, this c",https://www.tiktok.com/@skincare.zombie/video/7693194582602927373
EP11,korean dermatologist recommends,36338,163142,0.2,1384,595,87,48,2026-09-22,@livvykim8,A cream that actually gets rid of closed comedones?! #drdeep #kderma #kpharmacy #bumpyskin #pharmacyrecommended @Dr.deep US,https://www.tiktok.com/@livvykim8/video/7688330381090671902
EP11,what koreans actually use skincare,35668,68270,0.5,1549,1119,96,104,2026-09-12,@soobeauty814,What Korean girlies are actually using right now 🇰🇷✨ Skip the hype—these are the real everyday beauty and wellness essentials trending on vanity tables across S,https://www.tiktok.com/@soobeauty814/video/7683727493194386706
EP11,what koreans actually use skincare,25736,60347,0.4,1244,267,76,69,2026-10-06,@heyinlees,gel to water cleanser!!! first time trying something like this!👀 #kbeauty #koreanskincare,https://www.tiktok.com/@heyinlees/video/7693543684830252309
EP11,what koreans actually use skincare,9271,34066,0.3,326,149,18,50,2026-10-05,@val.u.clinic_dr.lee,"Viral K-beauty products can be great, of course ✨The point is simply that they’re not widely used by local Koreans🇰🇷. Viral or not, what matters most is choosin",https://www.tiktok.com/@val.u.clinic_dr.lee/video/7693158147581578502
EP11,korean dermatologist recommends,9166,3613,2.5,111,43,6,52,2026-04-13,@zeroid_global,"The #1 most recommended brand in Korean* dermatology clinics for a reason. 🏥🇰🇷** If you’re struggling with a damaged barrier, this is the holy grail. Zeroid Int",https://www.tiktok.com/@zeroid_global/video/7626958365540781342
EP11,what koreans actually use skincare,5443,192633,0.0,241,109,13,75,2026-10-03,@kim_pharmacist_glowskin,"✅ Korean Night skincare routine How to secretly age backwards at night🌙 Your Imo, Korean pharmacist Kim explains! #kbeauty #pmskincare #antiaging #nightskincare",https://www.tiktok.com/@kim_pharmacist_glowskin/video/7692514108377238814
EP11,korean dermatologist recommends,4432,20355,0.2,69,30,7,38,2026-06-26,@derma.pharma,"#Ad the barrier cream Korean dermatologists actually recommend🇰🇷 this is ZEROID Intensive Cream, Korea's No.1 dermo-skincare brand most creams just sit on top o",https://www.tiktok.com/@derma.pharma/video/7655855589469326612
EP11,korean dermatologist recommends,3396,22088,0.2,104,12,0,46,2026-10-02,@dr.g_official_us,Korea’s No. 1 skincare brand has officially landed in the U.S. Now available on TikTok Shop. ✈️ From a Seoul Clinic. For Beautiful Skin. #koreanskincare #Kskinc,https://www.tiktok.com/@dr.g_official_us/video/7692060990736846111
EP11,korean dermatologist recommends,2550,489042,0.0,60,10,1,56,2026-08-29,@drjennyliu,#AESTURA_PARTNER 💙 Exfoliate + hydrate + support the barrier? We love an overachiever. @aestura_us #barrierrepair #healthyskin,https://www.tiktok.com/@drjennyliu/video/7679274627838889229
EP11,korean dermatologist recommends,1389,117355,0.0,36,4,4,81,2026-09-30,@dermdude,My take & rating on Medicube as a dermatologist ⭐️ What skincare brand should I review next? . . . #Medicube #Dermatologist #SkincareTok #KoreanSkincare #Skinca,https://www.tiktok.com/@dermdude/video/7691428945941630222
EP11,korean dermatologist recommends,1326,22011,0.1,26,31,19,26,2026-10-03,@joshwastjames,Zeroid Intensive Cream is one of the most dermatologist recommended treatments for a damaged skin barrier. @ZEROID Global @zeroid_official #zeroid #skinbarrier ,https://www.tiktok.com/@joshwastjames/video/7692334966381858051
EP11,korean dermatologist recommends,733,43083,0.0,6,1,1,23,2026-10-06,@dr.jart.uk,We asked Dr. Christine Hall what your skin barrier really needs 👀💙 Meet Ceramidin™ Skin Barrier Moisture Recovery Serum - powered by Aqua Ceramides + Zinc Hyalu,https://www.tiktok.com/@dr.jart.uk/video/7693582825500527905
EP11,korean dermatologist recommends,489,2434,0.2,20,3,0,26,2026-09-28,@jesskvlogs,"trying @ZEROID Global intensive cream, aka jhope also uses!! 🧴💜 it is korea’s no.1 most trusted dermatologist skincare, found in hospitals, clinics, and now in ",https://www.tiktok.com/@jesskvlogs/video/7690700425540128021
EP11,korean dermatologist recommends,445,20355,0.0,7,4,2,34,2026-06-30,@derma.pharma,Top 5 ingredients Korean dermatologists secretly use🇰🇷🤫 Which is your fav?❤️ let me know in the comments below,https://www.tiktok.com/@derma.pharma/video/7656972223487544594
EP12,medicube,5286599,116972,45.2,100075,87525,13733,85,2026-08-06,@justtrendy31,Replying to @hunhoney3 super quick tutorial on how to use the medicube set with turmeric and kojic acid to help get rid of dark spots and hyperpigmentation #tik,https://www.tiktok.com/@justtrendy31/video/7670790859826269453
EP12,medicube,4344552,2596928,1.7,229891,19137,2667,248,2026-10-05,@kaydabosse,My medicube lineup 🤍 @medicube global #medicubepartner #pdrn #koreanglassskin,https://www.tiktok.com/@kaydabosse/video/7693273932794793247
EP12,medicube,1363632,22259,61.3,1950,549,109,42,2026-10-02,@court.steer,Sorry girls but it’s the truth 👀 @medicube UK #tiktokmademebuyit #dealsforyoudays #medicube #medicubeuk #eyepatches,https://www.tiktok.com/@court.steer/video/7691788948233833750
EP12,medicube,1317851,8358,157.7,52914,10786,6492,11,2026-06-25,@calllmehelen,One product to wake up with Glass Skin🪞✨ @medicube global PDRN Collagen Gel Mask does all the work overnight so I wake up glowing🤍🏹💫 Auf Amazon DE erhältlich🧑🏻‍,https://www.tiktok.com/@calllmehelen/video/7655443592177077536
EP12,medicube,737290,21953,33.6,17401,19373,2900,55,2026-07-15,@trulyglowin,How to use the full bodycare set by medicine step by step #medicube #medicubeskincare #bodycare #tiktokshopcreatorpicks #SkinCare101 @medicube US Store,https://www.tiktok.com/@trulyglowin/video/7662768351407607071
EP12,medicube,383455,261746,1.5,6088,2971,604,19,2026-10-05,@albina,"My glow routine goes beyond my face 💜 medicube Vita A Retinal Volume Booster for smoother, firmer-looking skin, plus medicube PDRN Caffeine Eye Patches for a hy",https://www.tiktok.com/@albina/video/7693217564230487303
EP12,medicube,349996,224357,1.6,24284,12681,1469,46,2026-10-04,@leeskincare7,No ad skincare devices worth investing as someone who collects them as a hobby products mentioned: medicube booster pro / mini thome the glow currentbody led ma,https://www.tiktok.com/@leeskincare7/video/7692749173250297095
EP12,medicube,196158,195692,1.0,3610,1904,444,15,2026-08-23,@justtrendy21,Replying to @aybarineemendez all you need is a lil patience and a lot of consistency for Medicube to do you right. @medicube US Store #medicube #hyperpigmentati,https://www.tiktok.com/@justtrendy21/video/7677373339802946846
EP12,medicube,191341,1929436,0.1,13795,1838,323,84,2026-10-05,@amb.byrd,Let your skin do the talking😌 @medicube global #medicubepartner #medicube #medicubeskincare #capsulecream #skincare,https://www.tiktok.com/@amb.byrd/video/7693336558832815374
EP12,medicube,155255,840,184.8,3980,1396,411,14,2026-10-05,@spill.ritual,POV: you're fighting for your jawline but the double chin is fighting back 🤭🌸 @medicubeglobal #medicube #skincareroutine #BeautyTok #guasha #skincaretips,https://www.tiktok.com/@spill.ritual/video/7693027384131341586
EP12,medicube,55820,5123256,0.0,4487,292,25,75,2026-10-06,@taraswrld,going to be 30 flirty and thriving with @medicube global 🤍 #medicube #pdrn #neckguasha #amazonprime,https://www.tiktok.com/@taraswrld/video/7693707159942499597
EP12,medicube,38612,701596,0.1,366,388,54,151,2026-09-28,@faithfuldoc,#medicube #agingskin #finelinesandwrinkles #koreanskincare #tiktokshopstockup,https://www.tiktok.com/@faithfuldoc/video/7690377981335768351
EP12,medicube,20613,32886,0.6,1052,467,96,23,2026-10-02,@trinshops,Didn’t know my underarms could get this light 🤢 #exfoliation #brighteningskincare,https://www.tiktok.com/@trinshops/video/7692114596173204767
EP12,medicube,727,8821,0.1,11,3,1,13,2026-10-02,@girlgetsglazed,and that’s growth factors folks 🩸#smilelinestreatment #saggingskin #matureskincareroutine #growthfactorserum #frownlines,https://www.tiktok.com/@girlgetsglazed/video/7691911033467849998
EP12,medicube,614,8768,0.1,7,1,0,26,2026-10-07,@itsurgurlmila,Stressed skin? Medicube understood the assignment 😩🧴 This set has everything from exfoliation + soothing care to blemish patches and hydration. And the current ,https://www.tiktok.com/@itsurgurlmila/video/7693721588897680654
EP12,medicube,420,14009,0.0,4,3,1,33,2024-11-24,@ptdee03,"This korean skin care by @Medicube US has my skin looking flawless! This is micro needling in a bottle, no need to spend hundreds at a med spa. #medicube #micro",https://www.tiktok.com/@ptdee03/video/7440894583833365806
EP12,medicube,16,10029,0.0,3,1,0,50,2026-10-07,@amangrum38,My idea of a wild night in my 40s apparently involves a pink face mask and a little nighttime drink. 😂🩷 But THIS pairing makes so much sense for the whole “skin,https://www.tiktok.com/@amangrum38/video/7693741414357798157
EP12,medicube,7,27069,0.0,,0,0,11,2026-10-07,@maehni,might be the most unexpected yet BEST collab ever?? FREE nello superglow starting 10/10!! <3 medicube x nello volufiline pdrn balm superglow duo thin lips dull ,https://www.tiktok.com/@maehni/video/7693778184113818911
EP12,medicube,3,1360,0.0,2,0,0,36,2026-10-07,@ugcwithfabii,This medicube collagen jelly cream is 100/10. Highly recommend if you’re looking for that beautiful glass skin @medicube US Store @medicube global #collagen #sk,https://www.tiktok.com/@ugcwithfabii/video/7693793994228190495
EP12,medicube,2,6748,0.0,1,1,0,42,2026-10-07,@cartreadyforu,"Medicube volume trio💕The Medicube Trio = the skincare lineup I keep reaching for ✨ Three steps, one seriously satisfying routine. #Medicube #KoreanSkincare #Tik",https://www.tiktok.com/@cartreadyforu/video/7693769850472172830
